k;alpha;averageAccurracy;averagePrecision;averageRecall;averageF1
1;1;0.958953;0.239431;0.158537;0.649245
4;1;0.959548;0.247561;0.170732;0.653513
7;1;0.956573;0.298374;0.109756;0.644774
1;6;0.995836;0.95122;0.914634;0.447967
4;6;0.992861;0.910569;0.853659;0.418293
7;6;0.986318;0.830081;0.719512;0.335947
