k;alpha;averageAccurracy;averagePrecision;averageRecall;averageF1
1;1;0.957168;0.269164;0.121951;0.62981
4;1;0.956573;0.261789;0.109756;0.656562
7;1;0.956573;0.292683;0.109756;0.627846
1;6;0.994646;0.930894;0.890244;0.435366
4;6;0.992861;0.886179;0.853659;0.434959
7;6;0.988102;0.843089;0.756098;0.376074
