k;alpha;averageAccurracy;averagePrecision;averageRecall;averageF1
1;1;0.956573;0.299593;0.109756;0.689257
4;1;0.956573;0.302846;0.109756;0.637805
7;1;0.958358;0.361789;0.146341;0.552033
1;6;0.995241;0.943089;0.902439;0.447154
4;6;0.994051;0.906504;0.878049;0.458537
7;6;0.986318;0.790244;0.719512;0.417131
