k;alpha;averageAccurracy;averagePrecision;averageRecall;averageF1
1;1;0.956573;0.256098;0.109756;0.679268
4;1;0.957168;0.230488;0.121951;0.657956
7;1;0.956573;0.260163;0.109756;0.679675
1;6;0.993456;0.910569;0.865854;0.427236
4;6;0.989887;0.855691;0.792683;0.388618
7;6;0.988697;0.843496;0.768293;0.362602
