k;alpha;averageAccurracy;averagePrecision;averageRecall;averageF1
1;1;0.954789;0.171545;0.0731707;0.760801
4;1;0.955979;0.229268;0.097561;0.669977
7;1;0.957763;0.277468;0.134146;0.63854
1;6;0.990482;0.849187;0.804878;0.440708
4;6;0.989887;0.857724;0.792683;0.382114
7;6;0.986913;0.79187;0.731707;0.417189
